-- phpMyAdmin SQL Dump
-- version 4.5.0.2
-- http://www.phpmyadmin.net
--
-- Host: 127.0.0.1
-- Generation Time: 
-- Версия на сървъра: 10.0.17-MariaDB
-- PHP Version: 5.6.14

SET SQL_MODE = "NO_AUTO_VALUE_ON_ZERO";
SET time_zone = "+00:00";


/*!40101 SET @OLD_CHARACTER_SET_CLIENT=@@CHARACTER_SET_CLIENT */;
/*!40101 SET @OLD_CHARACTER_SET_RESULTS=@@CHARACTER_SET_RESULTS */;
/*!40101 SET @OLD_COLLATION_CONNECTION=@@COLLATION_CONNECTION */;
/*!40101 SET NAMES utf8mb4 */;

--
-- Database: `online_library`
--

-- --------------------------------------------------------

--
-- Структура на таблица `books`
--

CREATE TABLE `books` (
  `book_id` int(10) UNSIGNED NOT NULL,
  `user_id` int(10) UNSIGNED NOT NULL,
  `book_title` varchar(255) COLLATE utf8_unicode_ci NOT NULL,
  `author` varchar(255) COLLATE utf8_unicode_ci NOT NULL,
  `genre` varchar(255) COLLATE utf8_unicode_ci NOT NULL,
  `issue_date` date NOT NULL,
  `page_count` int(11) NOT NULL,
  `isbn` varchar(255) COLLATE utf8_unicode_ci NOT NULL,
  `resume` text COLLATE utf8_unicode_ci NOT NULL,
  `path_to_image` varchar(255) COLLATE utf8_unicode_ci NOT NULL,
  `created_at` timestamp NULL DEFAULT NULL,
  `updated_at` timestamp NULL DEFAULT NULL
) ENGINE=InnoDB DEFAULT CHARSET=utf8 COLLATE=utf8_unicode_ci;

--
-- Схема на данните от таблица `books`
--

INSERT INTO `books` (`book_id`, `user_id`, `book_title`, `author`, `genre`, `issue_date`, `page_count`, `isbn`, `resume`, `path_to_image`, `created_at`, `updated_at`) VALUES
(1, 3, 'Шестото Клеймо', 'Дан Браун', 'Трилър', '1983-05-01', 525, '9545854227', 'Древно тайно братство възкръсва от забравата с ужасяваща мощ!\r\nБорбата между наука и религия се превръща във война!\r\n\r\nВЕНДЕТА\r\nНай-могъщата секретна организация, - илюминати – съществувала на Земята, изплува от мрака, за да изпълни заключителната фаза от легендарната си вендета срещу най-омразния си враг....\r\nТАЙНСТВЕН СИМВОЛ\r\nжигосан върху гърдите на убит физик, дава знак за появата на демонична сила, която жадува реванш.\r\nНОВО ОРЪЖИЕ\r\nс опустошителна мощ е заложено в самото сърце на Ватикана. Специалистът по древни символи Робърт Лангдън предприема крайно рискован воайаж през тайни крипти и опасни катакомби, за да открие четиривековен път от древни символи, който го отвежда към забравено илюминатско скривалище, където го очаква една мрачна истина.', '1484066101.jpg', '2017-01-10 16:35:01', '2017-01-10 16:35:01'),
(2, 3, 'Игрите на Глада', 'Сюзан Колинс', 'Роман', '2009-01-01', 376, '978-954-8208-63-5', 'Можеш ли да оцелееш сам в пустошта,\r\nкогато всички други са твърдо решени да не дочакаш утрото?\r\n\r\nВ руините на някогашната Северна Америка се намира държавата Панем с блестящата си столица Капитол и дванайсетте й окръга. Капитолът е безмилостен и държи окръзите в подчинение, като ги принуждава да изпращат по едно момче и едно момиче на възраст между дванайсет и осемнайсет за ежегодните Игри на глада - реалити шоу, предавано на живо по телевизията.\r\n\r\nКатнис Евърдийн знае, че подписва смъртната си присъда, когато доброволно заема мястото на по-малката си сестра в Игрите. Катнис неведнъж е била близо до смъртта - и оцеляването се е превърнало в нейна втора природа. Но ако иска да победи, ще се наложи да избира между оцеляването и човечността, между живота и любовта.\r\n\r\nСюзан Колинс поднася равни части съспенс и философия, приключения и любов в този изпепеляващ роман, чието действие се развива в едно бъдеще, обезпокоително напомнящо нашето настояще.\r\n', '1484066419.jpg', '2017-01-10 16:40:19', '2017-01-10 16:40:19'),
(3, 2, 'Шифърът на Леонардо', 'Дан Браун', 'Трилър', '2003-01-01', 464, '9789545854330', 'Неразгадаем шифър, скрит в произведенията на Леонардо да Винчи.\r\nПоразителна истина, скрита от векове...\r\n\r\nДокато е в командировка в Париж, харвардският професор по история на символите Робърт Лангдън е събуден посред нощ: един възрастен уредник в Лувъра е убит в музея. Край трупа му полицията намира озадачаващ шифър. Докато се опитва да го разгадае, Лангдън с удивление открива, че той води до пътека от кодове, скрити в творбите на Леонардо - кодове, изложени пред очите на всички, и все пак находчиво скрити от художника.\r\nЛангдън обединява силите си с талантливата френска криптографка Софи Нево и установява, че покойният уредник е бил брат от Ордена на Сион - тайно общество, към което са принадлежали сър Исак Нютон, Ботичели, Виктор Юго, Леонардо и други прочути личности.\r\nВ шеметна надпревара из Париж и Лондон Лангдън и Нево се състезават с безлика влиятелна фигура, която сякаш предугажда всеки техен ход. Ако двамата навреме не успеят да разшифроват загадката, древната тайна на Ордена на Сион, сензационна историческа истина, завинаги ще бъде изгубена.\r\n', '1484066631.jpg', '2017-01-10 16:43:51', '2017-01-10 16:43:51'),
(4, 1, 'Червените шапчици', 'Джаксън Пиърс', 'Фантастика', '2011-01-01', 256, '9789545295256', 'За двете сестри, Скарлет и Роузи Марч, животът не е това, което е за всички останали тийнейджъри. Техният свят е обитаван освен всичко друго от върколаци, които преследват момичета, като се преобразяват в привлекателни млади мъже. Такъв върколак напада двете сестри, докато са още малки деца, убива баба им и ги бележи емоционално и физически за цял живот. Скарлет и Роузи, подпомогнати от своя приятел Сайлъс, търсят отмъщение. Дали първата любов ще унищожи кръвната връзка и жаждата за мъст?', '1484067048.jpg', '2017-01-10 16:50:48', '2017-01-10 16:50:48'),
(5, 1, 'Властелина на пръстените', 'Дж. Р. Р. Толкин', 'Фантастика', '2001-01-01', 1468, '9789545850660', 'Не е възможно да се предадат на посягащият за пръв път към тази книга всичките й достойнства, нейният мащаб и великолепие. Криволичещ от епичното до комичното, от пасторалното до диаболичното сюжетът пресъздава по възхитителен начин герои и сцени в един изцяло измислен, но напълно правдоподобен свят на джуджета, елфи и хора.\r\nПред вас е пълното издание на един невероятен роман, който не ще ви даде миг покой до последната страница... и дълги години след това.', '1484071438.jpg', '2017-01-10 18:03:58', '2017-01-10 18:03:58'),
(6, 1, 'Малкият Принц', 'Антоан дьо Сент Екзюпери', 'Детска класика', '2015-01-01', 96, '9786191512300', 'Класическият шедьовър на именития френски автор и пилот Антоан дьо Сент-Екзюпери! \r\n„Малкият принц“ е познат на поколения читатели и е оставил в тях следа за цял живот. \r\nВ това издание преводът е изцяло нов и е дело на преводача на „Властелинът на пръстените“ Любомир Николов, известен с майсторството си и първата си преводаческа страст – френския език. Книгата е подходяща както за деца, пред чийто поглед малкият принц тепърва ще отвори пълната си с копнеж и звезди душа, така и за пораснали читатели, които жадуват за нова философска среща с малкия пътешественик.', '1484071681.jpg', '2017-01-10 18:08:01', '2017-01-10 18:08:01'),
(7, 1, 'Хари Потър и Прокълнатото дете', 'Дж.К.Роулинг', 'Тийн', '2016-01-01', 360, '9789542718710', 'Деветнайсет години по-късно. \r\n\r\nЖивотът на Хари Потър никога не е бил лесен – особено сега, когато вече е претоварен с работа служител на Министерството на магията, съпруг и баща на трима ученици. ', '1484072005.jpg', '2017-01-10 18:13:25', '2017-01-10 18:13:25'),
(8, 3, 'Три ябълки паднаха от небето', 'Нарине Абгарян', 'Роман', '2016-01-01', 200, '9786197055290', 'В нея са вложени толкова много дух и душа, че ще ви стане топло и леко, сякаш отново сте в лоното на щастливото детство, в прегръдката на най-любим човек.', '1484072714.jpg', '2017-01-10 18:25:14', '2017-01-10 18:25:14'),
(9, 3, 'Проницателят', 'Анди Андрюс', 'Роман', '2010-01-01', 168, '9789543900657', '„Проницателят" е изключително завладяваща книга. Най-малкото,\r\nкоето може да се каже, е, че след прочита й човек остава безмълвен.\r\nТова е най-хубавата книга, която съм чела през живота си. - Нанси Лопес, световна шампионка по голф\r\nАнди Андрюс лекува умовете и душите с безусловен и завладяващ оптимизъм', '1484072957.jpg', '2017-01-10 18:29:17', '2017-01-10 18:29:17'),
(10, 2, 'Владетелят', 'Николо Макиавели', 'Философска проза', '2016-01-01', 152, '9789542984122', 'Подобно на „Изкуството на войната” на Сун Дзъ, и тази класическа творба е много повече от субективен коментар на историята и на фигурите, които са я движили. Съветите на Макиавели, макар и понякога стряскащи, са отправени привидно само към овластените, но в същата степен важат за всекиго при общуването му с другите. „Владетелят” е не само проникновен психологическо-философски документ, но и изпитано напътствие как да се практикува властта. ', '1484073360.jpg', '2017-01-10 18:36:00', '2017-01-10 18:36:00');

-- --------------------------------------------------------

--
-- Структура на таблица `migrations`
--

CREATE TABLE `migrations` (
  `id` int(10) UNSIGNED NOT NULL,
  `migration` varchar(255) COLLATE utf8_unicode_ci NOT NULL,
  `batch` int(11) NOT NULL
) ENGINE=InnoDB DEFAULT CHARSET=utf8 COLLATE=utf8_unicode_ci;

--
-- Схема на данните от таблица `migrations`
--

INSERT INTO `migrations` (`id`, `migration`, `batch`) VALUES
(7, '2014_10_12_000000_create_users_table', 1),
(8, '2014_10_12_100000_create_password_resets_table', 1),
(9, '2017_01_09_025020_create_book_table', 1);

-- --------------------------------------------------------

--
-- Структура на таблица `password_resets`
--

CREATE TABLE `password_resets` (
  `email` varchar(255) COLLATE utf8_unicode_ci NOT NULL,
  `token` varchar(255) COLLATE utf8_unicode_ci NOT NULL,
  `created_at` timestamp NULL DEFAULT NULL
) ENGINE=InnoDB DEFAULT CHARSET=utf8 COLLATE=utf8_unicode_ci;

-- --------------------------------------------------------

--
-- Структура на таблица `users`
--

CREATE TABLE `users` (
  `id` int(10) UNSIGNED NOT NULL,
  `name` varchar(255) COLLATE utf8_unicode_ci NOT NULL,
  `username` varchar(255) COLLATE utf8_unicode_ci NOT NULL,
  `email` varchar(255) COLLATE utf8_unicode_ci NOT NULL,
  `password` varchar(255) COLLATE utf8_unicode_ci NOT NULL,
  `remember_token` varchar(100) COLLATE utf8_unicode_ci DEFAULT NULL,
  `created_at` timestamp NULL DEFAULT NULL,
  `updated_at` timestamp NULL DEFAULT NULL
) ENGINE=InnoDB DEFAULT CHARSET=utf8 COLLATE=utf8_unicode_ci;

--
-- Схема на данните от таблица `users`
--

INSERT INTO `users` (`id`, `name`, `username`, `email`, `password`, `remember_token`, `created_at`, `updated_at`) VALUES
(1, 'Ivan', 'testuser', 'ivanviagov@abv.bg', '$2y$10$/EliJ/L/D78iicqfd/t03O3gQxmRMIYZT77P7wUuRM.YHVaP6MIRi', 'EKcr29RBlQh9iHSDCsdJJzuYt6VUP5V4LblqGQL9qy65ubMppNs6pv8VgIrl', '2017-01-09 07:29:13', '2017-01-10 18:21:27'),
(2, 'Milena', 'Mimozka', 'mime@test.bg', '$2y$10$VnA0inIHNzFYqN.9YffY/.D/NCKstasrC7FZ2g7yonYv9b77mZFW.', 'WMuHO7FHNldnsSNXsNx0OFodiFXRxhyZRdTJHUF4FA3EpyHWwUYa3diDAUgl', '2017-01-09 18:40:19', '2017-01-10 18:37:41'),
(3, 'Viktor', 'Viki', 'viki@viki.bg', '$2y$10$.LIcs/IL6nDw70S0qLd88.qX1a/UzVGVKZZE7HdnrzZceVno9SsoO', 'cvlCw0mLbZmxZajH3p1BWLhun5WSwIKIs02pTarP3fvPJt0YGaQty8Jrha2Y', '2017-01-10 16:28:07', '2017-01-10 18:29:22');

--
-- Indexes for dumped tables
--

--
-- Indexes for table `books`
--
ALTER TABLE `books`
  ADD PRIMARY KEY (`book_id`),
  ADD KEY `books_user_id_foreign` (`user_id`);

--
-- Indexes for table `migrations`
--
ALTER TABLE `migrations`
  ADD PRIMARY KEY (`id`);

--
-- Indexes for table `password_resets`
--
ALTER TABLE `password_resets`
  ADD KEY `password_resets_email_index` (`email`),
  ADD KEY `password_resets_token_index` (`token`);

--
-- Indexes for table `users`
--
ALTER TABLE `users`
  ADD PRIMARY KEY (`id`),
  ADD UNIQUE KEY `users_email_unique` (`email`);

--
-- AUTO_INCREMENT for dumped tables
--

--
-- AUTO_INCREMENT for table `books`
--
ALTER TABLE `books`
  MODIFY `book_id` int(10) UNSIGNED NOT NULL AUTO_INCREMENT, AUTO_INCREMENT=11;
--
-- AUTO_INCREMENT for table `migrations`
--
ALTER TABLE `migrations`
  MODIFY `id` int(10) UNSIGNED NOT NULL AUTO_INCREMENT, AUTO_INCREMENT=10;
--
-- AUTO_INCREMENT for table `users`
--
ALTER TABLE `users`
  MODIFY `id` int(10) UNSIGNED NOT NULL AUTO_INCREMENT, AUTO_INCREMENT=4;
--
-- Ограничения за дъмпнати таблици
--

--
-- Ограничения за таблица `books`
--
ALTER TABLE `books`
  ADD CONSTRAINT `books_user_id_foreign` FOREIGN KEY (`user_id`) REFERENCES `users` (`id`) ON DELETE CASCADE;

/*!40101 SET CHARACTER_SET_CLIENT=@OLD_CHARACTER_SET_CLIENT */;
/*!40101 SET CHARACTER_SET_RESULTS=@OLD_CHARACTER_SET_RESULTS */;
/*!40101 SET COLLATION_CONNECTION=@OLD_COLLATION_CONNECTION */;
